MagicNumber,PrFact,ToOptimize,Pair,Period
8118101,0.6019661610048211,1,USDCHF,M15
8118103,0.22471210917990794,1,EURUSD,M15
8118104,0.42312649653234563,1,USDJPY,M15
8118105,0.21878856935481106,1,USDCAD,M15
8118106,0.5500302478635908,1,AUDUSD,M15
8118110,0.10617042748380019,1,EURJPY,M15
